Workbook

Sheet VERİ GİRİŞİ
A1: İŞLETMEDEN ÇEKİLEN ENFLASYON DÜZELTMESİ FARKLARI | VUK Mük. Md.298/A & Geç. Md.33 | KV Beyanname Matrah Artırım Satırı | YMM TASDİK
A2: Şirket: ___________________ | VKN: _______________ | Dönem: 01.01.2026 – 31.12.2026 | Hazırlayan: _______________
A3: VUK MÜK. MD.298/A & GEÇİCİ MD.33 — ENFLASYON DÜZELTMESİ FARKLARI: Enflasyon düzeltmesi uygulaması kapsamında oluşan olumlu farklar özsermaye hesaplarına (502, 549 vb.) alınır. Bu farkların işletmeden çekilmesi durumunda: ★ SERMAYEYE EKLEME: Nakit kâr dağıtımı sayılmaz → Beyannamede ek yük yoktur. ★ KÂR PAYI OLARAK DAĞITIM (Nakit): Kurumlar vergisine tabi → Beyanname matrahına eklenir. Gerçek kişilere dağıtımda ayrıca %10 stopaj uygulanır (GVK Md.94/6-b-i). ★ DİĞER ÇEKIMLER (sermaye azaltımı vb.): VUK düzenlemeleri çerçevesinde değerlendirilir. ★ YİAKV: İşletmeden çekilen enflasyon düzeltmesi farklarının YİAKV matrahına etkisi KVK Md.32/C ve GİB Rehberi No:607 kapsamında YMM tarafından ayrıca değerlendirilmeli.
A4: ★ UYARILAR: (1) Geçici Md.33 kapsamında 2023 hesap dönemi kapatma farklarının gelir/gider hesaplarına yansıtılmadan doğrudan özsermayeye alındığını unutmayın. (2) Sermayeye eklemek SERBEST — vergi yok. Nakde çevirmek MATRAH ARTTIRIR. (3) İştirak ilişkisindeki kurumdan alınan → İştirak kazancı istisnası uygulanabilir.
A6: A. GENEL BİLGİLER
A7: Kurumun Unvanı | G7: Tam ticaret unvanı
A8: VKN | G8: 10 haneli VKN
A9: Hesap Dönemi | G9: 01.01.2026 – 31.12.2026
A10: Bilanço Dönemi | G10: 31.12.2026
A11: KV Oranı (%) | G11: 2025 ve 2026: %25 / Bankalar-Sigorta: %30
A12: Dosya Referansı | G12: YMM-2026/ENF-01
A15: B. ENF. DÜZ. FARKLARI — ÖZSERMAYE HESAP BAKİYELERİ
A16: Dönem başı ve sonundaki enflasyon düzeltmesi olumlu fark hesaplarının bakiyeleri. Her hesap satırı bağımsız değerlendirilir. ★ 502: VUK Geç.Md.33 kapsamı kapatma farkları | ★ 549: Cari dönem düzeltme farkları | ★ 570/590: Geçmiş yıl kâr/zararı ile netleştirilen tutarlar.
A17: Hesap Kodu | B17: Hesap Adı | C17: Dönem Başı Bakiye (TL) | D17: Dönem İçi Ekleme (TL) | E17: Dönem İçi Çekilen (TL) | F17: Dönem Sonu Bakiye (TL) | G17: Çekilen Kısım Niteliği | H17: Açıklama
A18: 502 | B18: Sermaye Düzeltmesi Olumlu Farkları | F18: =C18+D18-E18 -> 0 | G18: Henüz Çekilmedi
A19: 542 | B19: Geçmiş Yıl Enf.Düz.Farkları (Olumlu) | F19: =C19+D19-E19 -> 0 | G19: Henüz Çekilmedi
A20: 549 | B20: Özel Fonlar — Enflasyon Düz. Farkı | F20: =C20+D20-E20 -> 0 | G20: Henüz Çekilmedi
A21: 570 | B21: Geçmiş Yıllar Kârları (Enf.Düz. Kaynaklı) | F21: =C21+D21-E21 -> 0 | G21: Henüz Çekilmedi
A22: 580 | B22: Geçmiş Yıllar Zararları (Enf.Düz. Negatif) | F22: =C22+D22-E22 -> 0 | G22: Henüz Çekilmedi
A23: Diğer | B23: Diğer Enflasyon Düzeltmesi Fark Hesabı | F23: =C23+D23-E23 -> 0 | G23: Henüz Çekilmedi
A24: TOPLAM | C24: =SUM(C18:C23) -> 0 | D24: =SUM(D18:D23) -> 0 | E24: =SUM(E18:E23) -> 0 | F24: =SUM(F18:F23) -> 0 | G24: ← E24: Dönem İçi Toplam Çekilen
A26: C. ÇEKİLEN TUTARLARIN NİTELİK AYIRIMI — VERGİ ETKİSİ
A27: Her nitelik grubunun vergi etkisi ayrı ayrı değerlendirilir. Sermayeye ekleme → vergi yok. Nakit dağıtım → KV matrahına eklenir (VUK Mük.Md.298/A f.6). Stopaj: Gerçek kişiye → %10 (GVK Md.94/6-b). İştirak kazancı istisnası: Tam mükelllef kurum alıcı.
B28: Çekim Niteliği | C28: Çekilen Tutar (TL) | D28: Beyanname Etkisi | E28: Stopaj Tutarı (TL) | F28: İştirak İst. (TL) | G28: Net Beyan Tutarı (TL) | H28: Not
A29: → | B29: Sermayeye Ekleme (Nakit Kâr Dağıtımı Sayılmaz) | C29: =SUMIF(G18:G23,"Sermayeye Ekleme (Vergi Yok)",E18:E23) -> 0 | D29: Beyanname Yok — Matrah Artmaz | G29: 0 | H29: VUK Mük.298/A f.6 — Nakit kâr dağıtımı sayılmaz.
A30: → | B30: Nakit Dağıtım — Gerçek Kişi Ortak (%10 Stopaj) | C30: =SUMIF(G18:G23,"Nakit Dağıtım — Gerçek Kişi (%10 Stopaj)",E18:E23) -> 0 | D30: Beyanname Artırımı | G30: =C30 -> 0 | H30: GVK Md.94/6-b-i: %10 GV stopajı.
A31: → | B31: Nakit Dağıtım — Tam Mükelllef Kurum (İştirak İst.) | C31: =SUMIF(G18:G23,"Nakit Dağıtım — Tam Mükelllef Kurum (İştirak İst.)",E18:E23) -> 0 | D31: İştirak Kaz.İst. Değerlendirmesi | G31: =MAX(0,C31-F31) -> 0 | H31: KVK Md.5/1-a: İştirak kazancı istisnası uygulanabilir. YMM teyidi.
A32: → | B32: Nakit Dağıtım — Dar Mükelllef Kurum | C32: =SUMIF(G18:G23,"Nakit Dağıtım — Dar Mükellef Kurum",E18:E23) -> 0 | D32: Beyanname Artırımı + ÇVÖA Kontrolü | H32: Dar mükelllef → KVK Md.30 stopaj + ÇVÖA değerlendirmesi.
A33: → | B33: Diğer Çekim (YMM Değerlendirmesi Gerekli) | C33: =SUMIF(G18:G23,"Diğer Çekim (YMM Değerlendirmesi Gerekli)",E18:E23) -> 0 | D33: YMM Değerlendirmesi | H33: Her çekim ayrı değerlendirilmeli. Sermaye azaltımı vb.
A35: D. BEYANNAME SATIRI ÖZET — İŞLETMEDEN ÇEKİLEN ENF. DÜZ. FARKLARI
B36: Hesap Kalemi | D36: Tutar (TL) | F36: Açıklama | H36: Not
A37: D.1 Toplam Dönem İçi Çekilen | C37: =E24 -> 0 | D37: Tüm nitelikteki toplam çekim | F37: B Tablosu E24
A38: D.2 Sermayeye Ekleme (Vergi Yok) | C38: =C29 -> 0 | D38: Matrahı artırmayan çekim | F38: VUK Mük.298/A f.6
A39: D.3 İştirak Kazancı İstisnası | C39: =F31 -> 0 | D39: Tam mükelllef kurum istisnası (YMM teyidi) | F39: KVK Md.5/1-a
A40: D.4 ★ BEYANNAME MATRAH ARTIRIMI | C40: =MAX(0,E24-C29-F31) -> 0 | D40: → KV Beyanname: İşletmeden Çekilen Enf.Düz.Farkları | F40: VUK Mük.298/A
A41: D.5 %10 Stopaj (Gerçek Kişi Dağıtım) | C41: =HESAPLAMALAR!D20 -> 0 | D41: GVK Md.94/6-b-i: Gerçek kişilere dağıtım stopajı | F41: GVK Md.94
A42: D.6 YİAKV Durumu | C42: YMM Teyidi — GİB Reh. No:607 | D42: Matrah artırım kaleminin YİAKV etkisi ayrıca değerlendirilmeli | F42: KVK Md.32/C
A44: E.1 BEYANNAME SATIRI → İşletmeden Çekilen Enflasyon Düzeltmesi Farkları | F44: =C40 -> 0 | G44: Sermayeye ekleme hariç | İştirak istisnası hariç | Matrah artırıcı
A45: ★ KRİTİK: (1) SERMAYE EKLEME — vergi yok, beyanname etkisi yok. (2) NAKİT DAĞITIM — tüm nitelikler değerlendirilmeli. (3) %10 STOPAJ — gerçek kişi ortaklara dağıtımda GVK Md.94/6-b-i. (4) İŞTİRAK İSTİSNASI — tam mükelllef kuruma dağıtımda KVK Md.5/1-a teyidi. (5) YİAKV — GİB Reh. No:607 kapsamında YMM değerlendirmesi.

Sheet HESAPLAMALAR
A1: HESAPLAMALAR | Nitelik Ayrımı | Stopaj | İştirak İstisnası | YİAKV | Mutabakat
A2: VUK Mük.Md.298/A | GVK Md.94/6-b | KVK Md.5/1-a | GİB Reh. No:607 (YİAKV)
A4: A. HESAPLAMA ÖZETİ VE MUTABAKAT
B5: Parametre | D5: Değer (TL) | F5: Açıklama | H5: Kaynak
A6: Toplam Dönem İçi Çekilen | D6: ='VERİ GİRİŞİ'!E24 -> 0 | F6: Tüm nitelikteki çekim | H6: VERİ GİRİŞİ E24
A7: − Sermayeye Ekleme (Vergi Yok) | D7: ='VERİ GİRİŞİ'!C29 -> 0 | F7: Nakit kâr dağıtımı sayılmaz | H7: VUK Mük.298/A f.6
A8: − İştirak Kazancı İstisnası | D8: ='VERİ GİRİŞİ'!F31 -> 0 | F8: Tam mükelllef kurum (KVK Md.5/1-a teyidi) | H8: KVK Md.5/1-a
A9: ★ BEYANNAME MATRAH ARTIRIMI | D9: ='VERİ GİRİŞİ'!C40 -> 0 | F9: D.4 = Toplam − Sermaye − İştirak İst. | H9: VUK Mük.298/A
A10: Gerçek Kişi Stopaj Tutarı | D10: ='VERİ GİRİŞİ'!C41 -> 0 | F10: GVK Md.94/6-b-i: %10 × Gerçek Kişi Dağıtım | H10: GVK Md.94
A11: Mutabakat (Çekilen = Sermaye + İştirak + Beyan) | D11: =IF(ABS(D6-D7-D8-D9)<1,"MUTABIK ✓","FARK: "&TEXT(D6-D7-D8-D9,"#,##0")&" TL ✗") -> MUTABIK ✓ | F11: D6 = D7 + D8 + D9 ± 1 TL tolerans | H11: Kontrol
A13: B. SERMAYEYE EKLEME — VERGİSEL DURUM (VUK Mük. Md.298/A f.6)
A14: VUK MÜK. MD.298/A FIKRA 6: Enflasyon düzeltmesi sonucu oluşan farkların sermayeye eklenmesi halinde bu işlem nakit kâr dağıtımı sayılmaz ve kurumlar vergisine tabi tutulmaz. → Beyannamede herhangi bir matrah artırımı söz konusu olmaz. → GV stopajı da uygulanmaz. → TTK kapsamında sermaye artırım prosedürü uygulanması gerekir (Genel Kurul Kararı vb.). ★ DİKKAT: Sermayeye ekleme kararı OLMADAN yapılan nakde çevirme işlemi bu istisnadan yararlanamaz — her çekim ayrı belgelenmelidir.
A16: C. NAKİT DAĞITIM — STOPAJ HESABI (GVK Md.94/6-b-i)
B17: Parametre | D17: Değer | F17: Hesaplama | H17: Kaynak
A18: Gerçek Kişi Ortaklara Dağıtım Tutarı | D18: ='VERİ GİRİŞİ'!C30 -> 0 | F18: B tablosundan SUMIF | H18: VERİ GİRİŞİ C30
A19: Stopaj Oranı (GVK Md.94/6-b-i) | D19: %10 | F19: Enflasyon düzeltmesi farkı dağıtım stopajı | H19: GVK Md.94/6-b
A20: ★ Hesaplanan Stopaj Tutarı | D20: =D18*0.1 -> 0 | F20: D18 × %10 = Muhtasar beyanname | H20: GVK Md.94
A21: Net Alınan Tutar (Gerçek Kişi) | D21: =D18-D20 -> 0 | F21: Brüt Dağıtım − Stopaj | H21: Hesap
A23: D. İŞTİRAK KAZANCI İSTİSNASI DEĞERLENDİRMESİ (KVK Md.5/1-a)
A24: KVK MADDE 5/1-a — İŞTİRAK KAZANCI İSTİSNASI: Tam mükelllef kurumlardan elde edilen kâr payları (iştirak kazançları) kurumlar vergisinden istisnadır. ENFLASYON DÜZELTMESİ FARKI KAPSAMINDA: Kurum (A) → Enflasyon düzeltmesi farkını nakit olarak Kurum (B)'ye dağıtırsa, (B) bu tutarı kâr payı / iştirak kazancı olarak alır. KVK Md.5/1-a kapsamında istisna uygulanıp uygulanamayacağı özelge ile teyit edilmeli. ★ YMM TASDİK: İştirak kazancı istisnası için: ① Dağıtım yapan kurumun tam mükelllef olması ② Alınan tutarın kâr payı niteliğinde olması ③ Dağıtım belgesi (genel kurul kararı, banka dekontu) ④ Özelge veya YMM değerlendirme notu
A26: E. YİAKV ETKİSİ DEĞERLENDİRMESİ — KVK Md.32/C
A27: YİAKV (Yurt İçi Asgari Kurumlar Vergisi) ve Enflasyon Düzeltmesi Farkları: BEYANNAME MATRAH ARTIRIMI → İİDÖKK'YA ETKİSİ: İşletmeden çekilen enflasyon düzeltmesi farkları beyanname matrahını artırır. Matrah artışı TBK'ya veya KKEG'ye dahil olup olmadığına göre YİAKV hesabını etkiler. MEVZUAT KONUMU: Bu kalem için KVK Md.32/C f.2 kapsamında 'kapsam dışı istisna' düzenlemesi açıkça yer almamaktadır. GİB Rehberi No:607 ve güncel özelgeler YMM tarafından incelenmeli. GENEL YAKLAŞIM (YMM Değerlendirmesine Kadar): Matrah artırım kalemi → İİDÖKK içinde → YİAKV matrahını artırır.

Sheet MUHASEBE KAYITLARI
A1: MUHASEBE KAYITLARI | 502/549 Hesaplar | Sermaye Ekleme | Nakit Dağıtım | Stopaj
A2: VUK Mük.Md.298/A | TDHP 502/549/570 | Kâr Dağıtım Kayıtları | GV Stopaj
A4: GENEL NOT: Enflasyon düzeltmesi farkları özsermaye altında birikir. Çekim şekline göre farklı muhasebe kaydı yapılır. Sermayeye ekleme = Vergi yok. Nakit dağıtım = KV + Stopaj yükümlülüğü.
A5: KAYIT 1 — ENF. DÜZ. FARKININ ÖZSERMAYEYE ALINMASI (İlk Kayıt — Düzeltme Dönemi)
B6: Hesap | C6: Hesap Adı | D6: Açıklama | E6: Borç | F6: Alacak | G6: Belge
A7: Dr | B7: 698 | C7: Enflasyon Düzeltmesi Hesabı | D7: VUK Geç.Md.33: Kapatma farkı — Gelir/gider yerine doğrudan özsermayeye | E7: [Fark] | F7: — | G7: VUK Geç.33
A8: KAYIT 2 — SERMAYEYE EKLEME (Vergi Yok — VUK Mük.298/A f.6)
B9: Hesap | C9: Hesap Adı | D9: Açıklama | E9: Borç | F9: Alacak | G9: Belge
A10: Dr | B10: 502 | C10: Sermaye Düzeltmesi Olumlu Farkları | D10: Enflasyon düzeltme farkı hesabının kapatılması | E10: [Tutar] | F10: — | G10: Genel Kurul Kararı
A11: Kr | B11: 501 | C11: Ödenmemiş Sermaye / 500 Sermaye | D11: Sermaye artırımı kaydı — nakit kâr dağıtımı sayılmaz | E11: — | F11: [Tutar] | G11: TTK Md.462
A12: KAYIT 3 — NAKİT KÂR DAĞITIMI (Gerçek Kişi Ortak — %10 Stopaj)
B13: Hesap | C13: Hesap Adı | D13: Açıklama | E13: Borç | F13: Alacak | G13: Belge
A14: Dr | B14: 502 | C14: Sermaye Düzeltmesi Olumlu Farkları | D14: veya 549 — Dağıtılacak enflasyon düzeltme farkı | E14: [Brüt] | F14: — | G14: Genel Kurul
A15: Kr | B15: 331 | C15: Ortaklara Borçlar | D15: Dağıtılacak net tutar (brüt − stopaj) | E15: — | F15: [Net] | G15: Borç Kaydı
A16: Kr | B16: 360 | C16: Ödenecek Vergi ve Fonlar | D16: %10 GV stopajı tahakkuku (GVK Md.94/6-b-i) | E16: — | F16: [Stopaj] | G16: GVK Md.94
A17: Dr | B17: 331 | C17: Ortaklara Borçlar | D17: Ödeme | E17: [Net] | F17: — | G17: Banka Dekontu
A18: Kr | B18: 102 | C18: Bankalar | D18: Net tutar ödemesi | E18: — | F18: [Net] | G18: Dekont
A19: Dr | B19: 360 | C19: Ödenecek Vergi | D19: Stopaj ödemesi | E19: [Stopaj] | F19: — | G19: Dekont
A20: KAYIT 4 — TAM MÜKELLEF KURUMA DAĞITIM (İştirak Kazancı İst. — KVK Md.5/1-a)
B21: Hesap | C21: Hesap Adı | D21: Açıklama | E21: Borç | F21: Alacak | G21: Belge
A22: Dr | B22: 502 | C22: Sermaye Düzeltmesi Olumlu Farkları | D22: Dağıtılacak fark | E22: [Tutar] | F22: — | G22: Genel Kurul
A23: Kr | B23: 331 | C23: Ortaklara Borçlar | D23: Tam mükelllef kurum alacağı | E23: — | F23: [Tutar] | G23: Kayıt
A24: Not | B24: — | C24: STOPAJ YOK | D24: Tam mükelllef kuruma stopaj uygulanmaz (GVK Md.94 kapsamı dışı) | E24: — | F24: — | G24: GVK Md.94
A25: Not | B25: 5/1-a | C25: İŞTİRAK KAZANCI | D25: Alan kurumda KVK Md.5/1-a istisnası — YMM teyidi | E25: — | F25: — | G25: KVK Md.5/1-a

Sheet DENETÇİ NOTLARI
A1: DENETÇİ NOTLARI | Risk Haritası & Check-list | VUK Mük.Md.298/A | Enflasyon Düz. Farkları | YMM TASDİK
A2: Sermaye Ekleme ↔ Nakit Dağıtım Ayrımı | Stopaj | İştirak Kaz.İst. | Belgelendirme | YİAKV
A4: A. RİSK HARİTASI
B5: Kod | C5: Risk Konusu | D5: Risk Açıklaması | E5: Risk Seviyesi
A6: ► | B6: R1 | C6: Sermaye Ekleme ↔ Nakit Dağıtım Ayrımı | D6: Ayrım belgelenmeden yapılan çekim işlemlerinde KV istisnasının kaybedilmesi. Sermayeye ekleme kararı ÖNCE alınmalı, kayıt SONRA yapılmalı. Genel Kurul Kararı + Tescil + Ticaret Sicili belgesi zorunlu. | E6: ÇOK YÜKSEK
A7: ► | B7: R2 | C7: %10 Stopaj Beyanı Eksikliği | D7: Gerçek kişi ortaklara yapılan nakit dağıtımda %10 GV stopajının muhtasar beyannamede gösterilmemesi → Vergi ziyaı + gecikme faizi. GVK Md.94/6-b-i kapsamında zorunludur. | E7: ÇOK YÜKSEK
A8: ► | B8: R3 | C8: Beyanname Satırı Atlama | D8: Nakit dağıtımın 'işletmeden çekilen enflasyon düzeltmesi farkları' satırında gösterilmemesi. Ticari kâr içinde göründüğü iddia edilse bile ayrıca beyan zorunlu. | E8: YÜKSEK
A9: ► | B9: R4 | C9: İştirak Kazancı İstisnası Yanlış Uygulaması | D9: Tam mükelllef olmayan kuruma yapılan dağıtımda iştirak istisnası uygulanması. İstisna yalnızca tam mükelllef kurumlar için geçerli. Özelge veya YMM değerlendirme notu zorunlu. | E9: YÜKSEK
A10: ► | B10: R5 | C10: Dönem Kapatma Farkları ve Cari Yıl Farkı Karışıklığı | D10: VUK Geç.Md.33 kapsamındaki 2023 dönem kapatma farkları (502) ile sonraki dönemde yapılan düzeltme farkları (549) karıştırılmamalı. Her hesabın bakiyesi ayrı izlenmeli. | E10: YÜKSEK
A11: ► | B11: R6 | C11: Sermaye Azaltımı Yoluyla Çekim | D11: Sermaye azaltımı yoluyla enflasyon düzeltmesi farkının ortaklara iadesi durumunda vergisel sonuçlar ayrıca değerlendirilmeli. TTK prosedürü + alacaklı hakları + VUK kapsamı. | E11: ORTA
A12: ► | B12: R7 | C12: 502 Hesabının Menfi (Negatif) Olması | D12: Enflasyon düzeltmesi farkı olumsuz (negatif) ise özsermayeyi azaltır. Negatif fark işletmeden çekilemez — yalnızca olumlu farklar çekilebilir. | E12: ORTA
A13: ► | B13: R8 | C13: YİAKV ile İlişki | D13: Matrah artırım kaleminin YİAKV matrahına etkisi. GİB Rehberi No:607 + güncel özelgeler YMM tarafından incelenmeli. | E13: ORTA
A15: B. YMM DENETİM CHECK-LIST
B16: Adım | C16: Kontrol / Prosedür | D16: Dayanak / Standart | E16: Durum
A17: ✦ | B17: C1 | C17: 502/549/570 hesap bakiyeleri yıl başı-sonu doğrulandı mı? | D17: VUK Mük.298/A | E17: Yapılmadı ✗
A18: ✦ | B18: C2 | C18: Dönem içi çekimler nitelik bazında ayrıştırıldı mı? | D18: VUK Mük.298/A | E18: Yapılmadı ✗
A19: ✦ | B19: C3 | C19: Sermayeye ekleme için Genel Kurul Kararı ve Tescil belgesi alındı mı? | D19: TTK Md.462 | E19: Yapılmadı ✗
A20: ✦ | B20: C4 | C20: Sermayeye ekleme kaydı 502→501/500 doğru mu? | D20: TDHP | E20: Yapılmadı ✗
A21: ✦ | B21: C5 | C21: Nakit dağıtımda gerçek kişi/kurum ayrımı yapıldı mı? | D21: GVK Md.94/6 | E21: Yapılmadı ✗
A22: ✦ | B22: C6 | C22: Gerçek kişi dağıtımda %10 stopaj hesaplandı mı? | D22: GVK Md.94/6-b-i | E22: Yapılmadı ✗
A23: ✦ | B23: C7 | C23: Stopaj muhtasar beyannamede beyan edildi ve ödendi mi? | D23: GVK Md.94 | E23: Yapılmadı ✗
A24: ✦ | B24: C8 | C24: Tam mükelllef kuruma dağıtımda iştirak istisnası teyit edildi mi? | D24: KVK Md.5/1-a | E24: Yapılmadı ✗
A25: ✦ | B25: C9 | C25: İştirak istisnası için dağıtım belgesi + banka dekontu temin edildi mi? | D25: KVK Md.5/1-a | E25: Yapılmadı ✗
A26: ✦ | B26: C10 | C26: Dar mükelllef kuruma dağıtım varsa ÇVÖA ve stopaj değerlendirildi mi? | D26: KVK Md.30 | E26: Yapılmadı ✗
A27: ✦ | B27: C11 | C27: ★ Beyanname matrah artırımı D.4 formülüyle doğrulandı mı? | D27: VUK Mük.298/A | E27: Yapılmadı ✗
A28: ✦ | B28: C12 | C28: ★ 502/549 bakiye = Başlangıç + Ekleme − Çekilen mutabakatı yapıldı mı? | D28: Muhasebe | E28: Yapılmadı ✗
... A30: ✦ | B30: C14 | C30: YMM Tasdik Raporu (≥500.000 TL) değerlendirildi mi? | D30: 49 No.lu Tebliğ | E30: Yapılmadı ✗
A32: YMM TASDİK DİL STANDARDI (49 No.lu Tebliğ): '...VUK Mükerrer Madde 298/A kapsamındaki enflasyon düzeltmesi uygulaması sonucu 502/549 hesaplarında biriken [tutar] TL tutarındaki olumlu farkın [dönem] hesap döneminde işletmeden [sermayeye ekleme / nakit dağıtım] suretiyle çekildiği tespit edilmiştir. Sermayeye eklenen [sermaye tutarı] TL tutarı nakit kâr dağıtımı sayılmadığından kurumlar vergisine tabi tutulmamış; nakit dağıtılan [nakit tutar] TL üzerinden [stopaj tutarı] TL gelir vergisi stopajı hesaplanmış ve muhtasar beyanname ile beyan edilmiştir.'

Sheet BELGE LİSTESİ
A1: BELGE LİSTESİ | İşletmeden Çekilen Enf. Düz. Farkları | YMM TASDİK DOSYASI
A2: 502/549 Hesap | Genel Kurul Kararı | Stopaj Beyanı | İştirak İst. Belgesi | YİAKV
A4: KATEGORİ 1 — ZORUNLU BELGELER
B5: No | C5: Belge | D5: Açıklama | E5: Temin Kaynağı
B6: B1 | C6: ★ 502/549/570 Hesap Dönem Başı-Sonu Bakiye ve Hareket Dökümü | D6: Enflasyon düzeltmesi fark hesaplarının tüm dönem hareketleri. Yılbaşı bakiyesi, dönem içi eklemeler, çekimler ve yıl sonu bakiyesi. Zorunlu. | E6: Muhasebe / Yevmiye Defteri | F6: Eksik ✗
B7: B2 | C7: ★ Dönem İçi Enflasyon Düzeltmesi Hesap Tablosu | D7: Cari dönem enflasyon düzeltmesi hesaplamalarını gösteren detaylı tablo. Parasal/parasal olmayan ayrımı, düzeltme katsayıları ve fark tutarları. | E7: Muhasebe / Bağımsız Denetçi | F7: Eksik ✗
B8: B3 | C8: ★ Sermayeye Ekleme Kararı ve Belgesi (Varsa) | D8: Genel Kurul Kararı + TTK Md.462 prosedürü belgesi. Ticaret Sicili Gazetesi ilanı + Tescil belgesi. Bu olmadan sermayeye ekleme istisnası uygulanamaz. Zorunlu (ekleme varsa). | E8: Ticaret Sicili / Şirket Arşivi | F8: Eksik ✗
B9: B4 | C9: ★ Nakit Dağıtım Genel Kurul Kararı ve Banka Dekontu | D9: Nakit dağıtım kararını gösteren genel kurul tutanağı. Her ortağa yapılan ödeme için banka dekontu. Dağıtım tutarı ve tarih açıkça belgelenmiş olmalı. | E9: Genel Kurul Tutanağı / Banka | F9: Eksik ✗
B10: B5 | C10: ★ Muhtasar Beyanname — %10 GV Stopaj Beyanı (Gerçek Kişi Dağıtım) | D10: Gerçek kişi ortaklara dağıtımda %10 GV stopajının beyan edildiği muhtasar beyanname ve ödeme dekontu. GVK Md.94/6-b-i. Zorunlu. | E10: GİB e-Beyanname / Banka Dekontu | F10: Eksik ✗
B11: B6 | C11: İştirak Kazancı İstisnası Belgesi (Kurum Dağıtım — Varsa) | D11: Tam mükelllef kuruma yapılan dağıtım için: Dağıtım belgesi, kurumun tam mükelllef statüsünü gösteren belge ve YMM değerlendirme notu. Özelge varsa eklenmeli. | E11: YMM Değerlendirme Notu / GİB Özelge | F11: Eksik ✗
B12: B7 | C12: KV Beyannamesi İlgili Satır + Mutabakat Notu | D12: Beyanname 'İşletmeden Çekilen Enflasyon Düzeltmesi Farkları' satırı. VERİ GİRİŞİ D.4 ile mutabakat. YMM hesaplama notu. | E12: GİB e-Beyanname + YMM Notu | F12: Eksik ✗
B13: B8 | C13: YİAKV Değerlendirme Notu (Varsa) | D13: Matrah artırım kaleminin YİAKV matrahına etkisine ilişkin GİB Rehberi No:607 kapsamında YMM değerlendirme notu. | E13: YMM Değerlendirme Notu | F13: Eksik ✗
A15: VUK MÜK. MD.298/A KAPANIŞ: Enflasyon düzeltmesi farkları özsermayede birikir. Sermayeye ekleme → Nakit kâr dağıtımı sayılmaz (VUK Mük.298/A f.6) → Vergi yok. Nakit dağıtım → KV matrahına eklenir → Gerçek kişiye %10 stopaj zorunlu. İştirak istisnası (KVK Md.5/1-a) → Özelge veya YMM teyidi. YİAKV → GİB Reh. No:607. YMM: SM-SMMM-YMM Kanunu Md.12.
