Workbook

Sheet VERİ GİRİŞİ
A1: 6491 SAYILI TPK Md.12/5 — İTFA PAYI OLARAK ADDOLUNAN GELİRLER | KV Beyanname İndirim Satırı | YMM TASDİK
A2: Şirket: ___________________ | VKN: _______________ | Dönem: 01.01.2026 – 31.12.2026 | Ruhsat No: _______________
A3: 6491 SAYILI TÜRK PETROL KANUNU MADDE 12/5 — İTFA PAYI SİSTEMİ: Devlet hissesi hariç olmak üzere, petrol hakkı sahibinin petrol işlemi için yaptığı yatırımlara tekabül eden sermayesi karşılığında üretimden elde edeceği gelirler: ★ TAM MÜKELLEFİYET (Yerli Kurumlar): Yatırım maliyeti itfa yoluyla gidere dönüştürülene kadar → VUK hükümleri kapsamında itfa payı olarak addolunur. ★ DAR MÜKELLEFİYET (Yabancı Kurumlar): Sermayenin cari kur üzerinden geri alınmasına kadar → VUK hükümleri kapsamında itfa payı olarak addolunur. ★ SAHA BAZLI: İtfa oranları her petrollü arazi için ayrı ayrı, rezerv durumu da dikkate alınarak Enerji Bakanlığı ve HMB tarafından müştereken tespit edilir. ★ GELİR SINIRI: İtfa payı, cari dönem petrol işlemi faaliyetlerinden elde edilen geliri aşamaz. Aşan kısım sonraki döneme devredilEMEZ — o dönem için düzeltme beyannamesi ile talep edilebilir.
A4: ★ KRİTİK UYARILAR: (1) Geçmiş dönemde kullanılmayan itfa payı sonraki döneme DEVREDİLEMEZ (GİB Özelge — Düzeltme beyannamesi yolu açık, devir değil). (2) Petrol işlemleri ayrı muhasebe defterinde izlenmeli ve KV'de ayrı beyan edilmeli. (3) Bakanlıkça onaylanan VUK Md.316 kapsamı amortisman oranları zorunludur. (4) YİAKV: GİB Reh. No:607 kapsamında YMM tarafından ayrıca değerlendirilmeli.
A6: A. GENEL BİLGİLER
A7: Kurumun Unvanı | H7: Tam ticaret unvanı
A8: VKN | H8: 10 haneli VKN
A9: Mükellefiyet Türü | C9: Tam Mükellefiyet (Yerli Kurum) | H9: Tam Mükellefiyet / Dar Mükellefiyet
A10: Hesap Dönemi | H10: 01.01.2026 – 31.12.2026
A11: KV Oranı (%) | H11: 2026: %25 (genel)
A12: MAPEG Ruhsat No(ları) | H12: İşletme ruhsatı numaraları — her saha için
A13: Dosya Referansı | H13: YMM-2026/TPK-01
A16: B. MÜKELLEFİYET TÜRÜNE GÖRE İTFA PAYI HESAP ESASI — MADDE 12/5
B17: Mükellefiyet | C17: Hesap Esası | E17: İtfa Payı Devam Koşulu | G17: VUK Dayanağı
A18: → | B18: TAM MÜKELLEFİYET (Yerli Kurum) | C18: Yatırım maliyeti (TL) itfa yoluyla gidere dönüştürülene kadar gelirler itfa payıdır. | E18: Kümülatif amortisman < Toplam Yatırım Maliyeti (TL) | G18: VUK Mük.Md.316
A19: → | B19: DAR MÜKELLEFİYET (Yabancı Kurum/Şube) | C19: Sermayenin cari kur üzerinden karşılığı geri alınana kadar gelirler itfa payıdır. | E19: Kümülatif Transfer < Toplam Yatırım Sermayesi (Cari Kur Karşılığı TL) | G19: VUK Mük.Md.298B / Kur
A21: C. SAHA BAZINDA YATIRIM MALİYETİ VE KÜMÜLATİF İTFA TAKİP TABLOSU
A22: Her petrollü arazi (saha) için ayrı satır. İtfa payı hesabı saha bazlıdır. VUK Md.316: Her saha için ayrı amortisman oranı → Enerji ve HMB müşterek tespiti zorunludur. ★ Tam mükellefiyet: TL maliyet takibi | Dar mükellefiyet: Döviz + cari kur TL karşılığı.
A23: Ruhsat No/Saha | B23: Ruhsat Türü | C23: Toplam Yatırım Maliyeti (TL) | D23: Önceki Dönem Kümül. İtfa (TL) | E23: Cari Dönem Hesaplanan İtfa (TL) | F23: Dönem Sonu Kümül. İtfa (TL) | G23: Kalan İtfa Hakkı (TL) | H23: VUK Md.316 Oranı (%)
A24: Saha-1 | B24: İşletme Ruhsatı | F24: =D24+E24 -> 0 | G24: =MAX(0,C24-F24) -> 0
A25: Saha-2 | B25: İşletme Ruhsatı | F25: =D25+E25 -> 0 | G25: =MAX(0,C25-F25) -> 0
A26: Saha-3 | B26: İşletme Ruhsatı | F26: =D26+E26 -> 0 | G26: =MAX(0,C26-F26) -> 0
A27: Saha-4 | B27: İşletme Ruhsatı | F27: =D27+E27 -> 0 | G27: =MAX(0,C27-F27) -> 0
A28: TOPLAM | C28: =SUM(C24:C27) -> 0 | D28: =SUM(D24:D27) -> 0 | E28: =SUM(E24:E27) -> 0 | F28: =SUM(F24:F27) -> 0 | G28: =SUM(G24:G27) -> 0
A30: D. CARİ DÖNEM İTFA PAYI HESABI — BEYANNAME SATIRI
A31: İtfa payı = MIN(Hesaplanan İtfa, Petrol İşlemi Geliri). Petrol işlemi gelirini aşan kısım devredileMEZ. ★ Petrol işlemi gelirleri: Ham petrol + doğal gaz satışı (Devlet hissesi hariç). Petrol işlemi dışı gelirler kapsam dışıdır.
B32: Hesap Kalemi | D32: Tutar (TL) | F32: Açıklama | H32: Kaynak
A33: D.1 Dönem Toplam Hesaplanan İtfa Payı (C Tablosu E28) | C33: =E28 -> 0 | D33: Tüm sahalar için cari dönem hesaplanan itfa payı toplamı | F33: C Tablosu E28
A34: D.2 Dönem Petrol İşlemi Brüt Gelirleri (Devlet Hissesi Hariç) | D34: Ham petrol + doğal gaz satış gelirleri — Devlet hissesi düşüldükten sonra | F34: Gelir Tablosu
A35: D.3 Devlet Hissesi (Düşülecek) | D35: 6491 s.K. Md.12/6 kapsamında hesaplanan ve ödenen Devlet hissesi | F35: MAPEG Beyanı
A36: D.4 Net Petrol İşlemi Geliri (D.2 - D.3) | C36: =C34-C35 -> 0 | D36: İtfa payı bu tutarı aşamaz — gelir tavanı | F36: TPK Md.12/5
A37: D.5 ★ BEYANNAME İTFA PAYI = MIN(D.1, D.4) | C37: =IF(C34=0,0,MIN(C33,C36)) -> 0 | D37: → KV Beyanname: 6491 s.K. Md.12/5 İtfa Payı Satırı | F37: TPK Md.12/5
A38: D.6 Kullanılamayan İtfa (D.1 - D.5) — Devredilmez! | C38: =MAX(0,C33-C37) -> 0 | D38: GİB Özelge: Sonraki döneme devredilmez — İlgili dönem için düzeltme beyannamesi | F38: GİB Özelge
A39: D.7 YİAKV Durumu | C39: YMM Teyidi — GİB Reh. No:607 | D39: İtfa payı indiriminin YİAKV matrahına etkisi ayrıca değerlendirilmeli | F39: KVK Md.32/C
A41: E.1 BEYANNAME SATIRI → 6491 s.K. Md.12/5 Kapsamında İtfa Payı Olarak Addolunan Gelirler | F41: =C37 -> 0 | G41: MIN(Hesaplanan İtfa, Net Petrol Gelirleri) | Devredilmez | Saha Bazlı
A42: ★ KRİTİK: (1) SAHA BAZLI — Her petrollü arazi için ayrı itfa oranı (VUK Md.316). (2) GELİR TAVANI — İtfa payı net petrol işlemi gelirini aşamaz. (3) DEVİR YASAĞI — Kullanılmayan kısım ileriki döneme DEVREDİLEMEZ. (4) DEVLET HİSSESİ HARİÇ — Brüt gelirden önce Devlet hissesi düşülür. (5) MUHASEBE AYRIMLIĞI — Petrol işlemleri ayrı muhasebe defterinde izlenmeli.

Sheet HESAPLAMALAR
A1: HESAPLAMALAR | VUK Md.316 İtfa Oranı | Saha Bazlı Hesap | Gelir Tavanı | Mutabakat
A2: 6491 s.K. Md.12/5 | VUK Md.316 Madenler Amortismanı | Enerji Bak. + HMB Oranı | Saha Bazlı
A4: A. HESAPLAMA ÖZETİ VE MUTABAKAT
B5: Parametre | D5: Değer (TL) | F5: Açıklama | H5: Kaynak
A6: Toplam Hesaplanan İtfa Payı | D6: ='VERİ GİRİŞİ'!E28 -> 0 | F6: Tüm sahalar E toplamı | H6: Formül
A7: Net Petrol İşlemi Geliri | D7: ='VERİ GİRİŞİ'!C36 -> 0 | F7: Brüt Petrol Geliri − Devlet Hissesi | H7: Formül
A8: ★ BEYANNAME İTFA PAYI | D8: ='VERİ GİRİŞİ'!C37 -> 0 | F8: MIN(Hesaplanan, Petrol Geliri) | H8: Formül
A9: Kullanılamayan İtfa (Devredilmez!) | D9: ='VERİ GİRİŞİ'!C38 -> 0 | F9: GİB Özelge: Düzeltme beyannamesi ile ilgili döneme | H9: Formül
A10: Devlet Hissesi | D10: ='VERİ GİRİŞİ'!C35 -> 0 | F10: 6491 s.K. Md.12/6 kapsamı | H10: Formül
A11: Mutabakat (Min formülü kontrolü) | D11: =IF(D8=MIN(D6,D7),"MUTABIK ✓","FARK VAR ✗") -> MUTABIK ✓ | F11: D8 = MIN(D6,D7) olmalı | H11: Formül
A13: B. VUK MD.316 MADENLER AMORTİSMANI VE İTFA ORANI — SAHA BAZINDA
A14: VUK MADDE 316 — MADENLER AMORTİSMANI: İşletme hakkı ya da imtiyazı belli bir süre için verilmiş olan madenlerin ve taş ocaklarının imtiyaz veya işletme süreleri; belli süre ile sınırlandırılmamış olanların rezerv durumu da dikkate alınarak Enerji ve Tabii Kaynaklar Bakanlığı ve Hazine ve Maliye Bakanlığınca müştereken tespit edilecek oranlar üzerinden amortisman hesaplanır. PETROL SAHALARI İÇİN ORAN TESPİTİ: ① Her petrollü arazi için ayrı ayrı oran → Saha özelinde rezerv değerlendirmesi ② Enerji ve Tabii Kaynaklar Bakanlığı (MAPEG) + HMB müşterek yazı/onayı ③ Oran onayı olmadan itfa hesabı yapılamaz ④ Genellikle birim üretim/rezerv yöntemi (Unit of Production) veya sabit oran
A16: C. TAM MÜKELLEFİYET — SAHA BAZINDA İTFA HESAP TABLOSU
A17: Tam mükellefiyet (yerli kurum): Yatırım maliyeti TL olarak takip edilir. İtfa payı hesabı: Yatırım Maliyeti × VUK Md.316 Oranı (veya birim üretim yöntemi). Kümülatif itfa yatırım maliyetine ulaştığında itfa payı sona erer.
A18: Saha Adı/No | B18: Toplam Yatırım Maliyeti (TL) | C18: Enerji Bak. Onaylı Oran | D18: Cari Dönem Üretim Hacmi | E18: Cari Dönem İtfa Payı (TL) | F18: Kümülatif İtfa (TL) | G18: Kalan Hak (TL) | H18: Durum
A19: Saha-1 | E19: =MIN(B19*C19,MAX(0,B19-F19)) -> 0 | G19: =MAX(0,B19-F19) -> 0 | H19: =IF(G19<=0,"İtfa Tamamlandı",IF(E19>=B19,"Tek Dönem Tam","Devam Ediyor")) -> İtfa Tamamlandı
A20: Saha-2 | E20: =MIN(B20*C20,MAX(0,B20-F20)) -> 0 | G20: =MAX(0,B20-F20) -> 0 | H20: =IF(G20<=0,"İtfa Tamamlandı",IF(E20>=B20,"Tek Dönem Tam","Devam Ediyor")) -> İtfa Tamamlandı
A21: Saha-3 | E21: =MIN(B21*C21,MAX(0,B21-F21)) -> 0 | G21: =MAX(0,B21-F21) -> 0 | H21: =IF(G21<=0,"İtfa Tamamlandı",IF(E21>=B21,"Tek Dönem Tam","Devam Ediyor")) -> İtfa Tamamlandı
A22: Saha-4 | E22: =MIN(B22*C22,MAX(0,B22-F22)) -> 0 | G22: =MAX(0,B22-F22) -> 0 | H22: =IF(G22<=0,"İtfa Tamamlandı",IF(E22>=B22,"Tek Dönem Tam","Devam Ediyor")) -> İtfa Tamamlandı
A23: TOPLAM | B23: =SUM(B19:B22) -> 0 | E23: =SUM(E19:E22) -> 0 | F23: =SUM(F19:F22) -> 0 | G23: =SUM(G19:G22) -> 0
A25: D. DAR MÜKELLEFİYET — SERMAYENİN CARİ KUR KARŞILIĞI TAKİP TABLOSU
A26: Dar mükellefiyet (yabancı kurum/şube): Sermaye döviz cinsinden takip edilir. Cari kur karşılığı (TL) hesaplanır. Transfer yapılana kadar üretim geliri itfa payıdır. Cari kur: TCMB dönem sonu döviz satış kuru kullanılır.
A27: Saha No | B27: Yatırım Tutarı (Döviz) | C27: Döviz Cinsi | D27: Dönem Sonu Kur (TL) | E27: TL Karşılığı (Cari Kur) | F27: Kümülatif Transfer (TL) | G27: Kalan İtfa Hakkı (TL) | H27: Oran Belgesi
A28: Saha-1 | C28: USD | E28: =B28*D28 -> 0 | G28: =MAX(0,E28-F28) -> 0 | H28: Var / Yok
A29: Saha-2 | C29: USD | E29: =B29*D29 -> 0 | G29: =MAX(0,E29-F29) -> 0 | H29: Var / Yok
A30: Saha-3 | C30: USD | E30: =B30*D30 -> 0 | G30: =MAX(0,E30-F30) -> 0 | H30: Var / Yok
A32: E. GELİR TAVANI KONTROL — İTFA PAYI ≤ NET PETROL İŞLEMİ GELİRİ
A33: Hesaplanan İtfa Payı (D.1) | D33: ='VERİ GİRİŞİ'!E28 -> 0 | F33: VERİ GİRİŞİ E28
A34: Net Petrol İşlemi Geliri (D.4) | D34: ='VERİ GİRİŞİ'!C36 -> 0 | F34: VERİ GİRİŞİ D36
A35: ★ GELİR TAVANI KONTROLÜ | D35: =IF(D33<=D34,"OK — İtfa Payı Gelir Tavanı İçinde ✓","UYARI — İtfa Payı > Petrol Geliri! Min Uygulandı ✗") -> OK — İtfa Payı Gelir Tavanı İçinde ✓

Sheet MUHASEBE KAYITLARI
A1: MUHASEBE KAYITLARI | Petrol Yatırım Maliyetleri | İtfa | Devlet Hissesi | TPK Md.12
A2: 6491 s.K. Md.12 | VUK Md.316 | Ayrı Muhasebe Defteri | Saha Bazlı İzleme | KV Beyanname
A4: MUHASEBE AYRIMLIĞI ZORUNLULUĞU: 6491 s.K. Md.12/3 — Petrol işlemlerine ait faaliyetler diğer faaliyetlerden ayrı muhasebe kayıtlarında izlenmeli ve ayrı vergilendirilmelidir.
A5: KAYIT 1 — PETROL ARAMA GİDERLERİ (Aktifleştirme İhtiyari — 6491 s.K. Md.12/6)
B6: Hesap | C6: Hesap Adı | D6: Açıklama | E6: Borç | F6: Alacak | G6: Belge
A7: Dr | B7: 260 | C7: Haklar (Petrol Arama Ruhsatı) | D7: Aktifleştirme tercihinde: Arama giderleri aktife alınır | E7: [Tutar] | F7: — | G7: Fatura/MAPEG
A8: Kr | B8: 102 | C8: Bankalar | D8: Ödeme | E8: — | F8: [Tutar] | G8: Dekont
A9: KAYIT 2 — PETROL SAHALARI VE TESİSAT (Zorunlu Aktifleştirme)
B10: Hesap | C10: Hesap Adı | D10: Açıklama | E10: Borç | F10: Alacak | G10: Belge
A11: Dr | B11: 253 | C11: Tesis, Makine ve Cihazlar (Petrol) | D11: Kuyu açma ve tesis maliyetleri — Zorunlu aktifleştirme | E11: [Maliyet] | F11: — | G11: MAPEG Onayı
A12: KAYIT 3 — VUK MD.316 KAPSAMINDA AMORTİSMAN (İtfa)
B13: Hesap | C13: Hesap Adı | D13: Açıklama | E13: Borç | F13: Alacak | G13: Belge
A14: Dr | B14: 770 | C14: Genel Yönetim Giderleri / 630 (Petrol Üretim) | D14: Saha bazlı VUK Md.316 kapsamı amortisman gideri | E14: [İtfa] | F14: — | G14: İtfa Tablosu
A15: Kr | B15: 257/268 | C15: Birikmiş Amortismanlar (Petrol Sahası) | D15: Karşı hesap | E15: — | F15: [İtfa] | G15: VUK Md.316
A16: KAYIT 4 — DEVLET HİSSESİ (6491 s.K. Md.12/6-7)
B17: Hesap | C17: Hesap Adı | D17: Açıklama | E17: Borç | F17: Alacak | G17: Belge
A18: Dr | B18: 689 | C18: Diğer Olağandışı Gider (Devlet Hissesi) | D18: Aylık hesaplanan Devlet hissesi gideri | E18: [D.His.] | F18: — | G18: MAPEG Beyanı
A19: Kr | B19: 360 | C19: Ödenecek Vergiler (Devlet Hissesi) | D19: Tahakkuk | E19: — | F19: [D.His.] | G19: Tahakkuk
A20: Dr | B20: 360 | C20: Ödenecek Vergiler | D20: Ödeme | E20: [D.His.] | F20: — | G20: Dekont
A21: KAYIT 5 — DÖNEM SONU KV İTFA PAYI — BEYANNAME ETKİSİ
B22: Hesap | C22: Hesap Adı | D22: Açıklama | E22: Borç | F22: Alacak | G22: Belge
A23: Not | B23: — | C23: MUHASEBE KAYDI YOK | D23: KV beyannamesindeki itfa payı indirimi doğrudan beyanname üzerinde | E23: — | F23: — | G23: TPK Md.12/5
A24: Not | B24: — | C24: KAYIT GEREKSİZ | D24: Muhasebe kârından ayrıca düşme kaydı olmaz — yalnızca beyanname satırı | E24: — | F24: — | G24: KVK Md.6
A25: Not | B25: — | C25: YİAKV | D25: İtfa payı indirimi YİAKV matrahına etkisi için GİB Reh. No:607 incelenmeli | E25: — | F25: — | G25: KVK Md.32/C

Sheet DENETÇİ NOTLARI
A1: DENETÇİ NOTLARI | Risk Haritası & Check-list | 6491 s.K. Md.12/5 | YMM TASDİK
A2: Saha Bazlı İtfa | VUK Md.316 Oranı | Gelir Tavanı | Devir Yasağı | Muhasebe Ayrımı | YİAKV
A4: A. RİSK HARİTASI
B5: Kod | C5: Risk Konusu | D5: Risk Açıklaması | E5: Risk Seviyesi
A6: ► | B6: R1 | C6: VUK Md.316 Oranı Olmadan İtfa Hesabı | D6: Enerji ve Tabii Kaynaklar Bakanlığı (MAPEG) ve HMB müşterek onayı alınmadan hesaplanan itfa oranları geçersizdir. Onaysız oran kullanımı → Tarhiyat. Her saha için ayrı oran onayı zorunludur. | E6: ÇOK YÜKSEK
A7: ► | B7: R2 | C7: Gelir Tavanı Aşımı | D7: İtfa payı, cari dönem net petrol işlemi gelirini (Devlet hissesi hariç) aşamaz. Aşan kısım cari dönemde kullanılamaz ve sonraki döneme DEVREDİLEMEZ. GİB özelgesi uyarınca yalnızca ilgili dönem için düzeltme beyannamesi yolu açık. | E7: ÇOK YÜKSEK
A8: ► | B8: R3 | C8: Saha Bazı Yerine Toplu Hesap | D8: İtfa payı her petrollü arazi için ayrı ayrı hesaplanmalıdır. Farklı sahaların maliyetlerini tek havuzda toplayarak hesaplama → Hatalı. VUK Md.316: Her petrollü arazi için ayrı oran tespit zorunluluğu. | E8: YÜKSEK
A9: ► | B9: R4 | C9: Muhasebe Ayrımı Eksikliği | D9: 6491 s.K. Md.12/3: Petrol işlemleri ayrı muhasebe kayıtlarında izlenmeli. Petrol işlemi gelirleri ve giderleri diğer faaliyetlerle karıştırılmamalı. Bu ayrım sağlanmadan itfa payı hesabı güvenilir değildir. | E9: YÜKSEK
A10: ► | B10: R5 | C10: Devlet Hissesi Brüt Hesapta Bırakma | D10: İtfa payı hesabında Devlet hissesi brüt gelirden düşülmeden (hariç tutulmadan) hesaplanıyorsa gelir tavanı aşılmış olabilir. 6491 s.K. Md.12/5 açık hüküm: 'Devlet hissesi hariç olmak üzere...' | E10: YÜKSEK
A11: ► | B11: R6 | C11: Önceki Dönem Kullanılmayan İtfanın Devredilmesi | D11: GİB özelgesi uyarınca, önceki dönemde beyan edilmeyen/kullanılmayan itfa payı sonraki döneme taşınamaz. Yalnızca ilgili dönem için düzeltme beyannamesi yolu açık. Bu durumun farkında olmadan önceki dönem itfasını cari beyannameye dahil etmek → Tarhiyat. | E11: ÇOK YÜKSEK
A12: ► | B12: R7 | C12: Dar Mükellefiyet — Döviz Kuru Takibi | D12: Dar mükellefiyette sermayenin cari kur karşılığı doğru hesaplanmalı. Dönem sonu TCMB döviz satış kuru kullanılmadıysa → Hata. Transfer tamamlandıktan sonra itfa payı hakkı sona erer. | E12: ORTA
A13: ► | B13: R8 | C13: YİAKV ile İlişki | D13: İtfa payı indiriminin YİAKV matrahına etkisi GİB Reh. No:607 kapsamında YMM tarafından değerlendirilmeli. | E13: ORTA
A15: B. YMM DENETİM CHECK-LIST
B16: Adım | C16: Kontrol / Prosedür | D16: Dayanak | E16: Durum
A17: ✦ | B17: C1 | C17: MAPEG işletme ruhsatı ve saha bilgileri doğrulandı mı? | D17: 6491 s.K. Md.5-6 | E17: Yapılmadı ✗
A18: ✦ | B18: C2 | C18: Her saha için VUK Md.316 kapsamı MAPEG+HMB oran onayı temin edildi mi? | D18: VUK Md.316 | E18: Yapılmadı ✗
A19: ✦ | B19: C3 | C19: Petrol işlemleri ayrı muhasebe defterinde izleniyor mu? | D19: 6491 s.K. Md.12/3 | E19: Yapılmadı ✗
A20: ✦ | B20: C4 | C20: Cari dönem net petrol işlemi geliri (Devlet hissesi hariç) hesaplandı mı? | D20: TPK Md.12/5 | E20: Yapılmadı ✗
A21: ✦ | B21: C5 | C21: Devlet hissesi tutarı MAPEG beyanı ile teyit edildi mi? | D21: 6491 s.K. Md.12/6-7 | E21: Yapılmadı ✗
A22: ✦ | B22: C6 | C22: ★ İtfa payı ≤ Net Petrol Geliri tavanı kontrolü yapıldı mı? | D22: TPK Md.12/5 | E22: Yapılmadı ✗
A23: ✦ | B23: C7 | C23: Her saha için ayrı itfa hesabı yapıldı mı (toplu değil)? | D23: VUK Md.316 | E23: Yapılmadı ✗
A24: ✦ | B24: C8 | C24: Tam mükellefiyet: Kümülatif itfa < Toplam Maliyet kontrolü yapıldı mı? | D24: TPK Md.12/5 | E24: Yapılmadı ✗
A25: ✦ | B25: C9 | C25: Dar mükellefiyet: Cari kur karşılığı (TCMB) ile sermaye takibi yapıldı mı? | D25: TPK Md.12/5 | E25: Yapılmadı ✗
A26: ✦ | B26: C10 | C26: ★ Önceki dönem kullanılmayan itfa devredilmedi mi? (GİB özelge) | D26: GİB Özelge | E26: Yapılmadı ✗
A27: ✦ | B27: C11 | C27: Arama giderleri aktifleştirme/gider yazma tercihi tutarlı uygulandı mı? | D27: 6491 s.K. Md.12/6 | E27: Yapılmadı ✗
A28: ✦ | B28: C12 | C28: ★ Beyanname satırı D.5 = MIN(Hesaplanan, Net Petrol Geliri) formülü doğru mu? | D28: TPK Md.12/5 | E28: Yapılmadı ✗
... A30: ✦ | B30: C14 | C30: YMM Tasdik Raporu (≥500.000 TL) değerlendirildi mi? | D30: 49 No.lu Tebliğ | E30: Yapılmadı ✗
A32: YMM TASDİK DİL STANDARDI (49 No.lu Tebliğ): '...6491 sayılı Türk Petrol Kanununun 12 nci maddesinin beşinci fıkrası hükmü uyarınca, [ruhsat no] numaralı petrol işletme ruhsatı kapsamında [saha adı] petrollü arazisinde yürütülen petrol işlemlerine ilişkin toplam [yatırım tutarı] TL yatırım maliyeti üzerinden VUK Madde 316 kapsamında [oran]% oranında hesaplanan [itfa tutarı] TL itfa payının, cari dönem net petrol işlemi gelirleri olan [gelir tutarı] TL'yi aşmadığı tarafımca tespit edilmiş ve söz konusu [itfa payı] TL kurumlar vergisi matrahından indirim konusu yapılmıştır.'

Sheet BELGE LİSTESİ
A1: BELGE LİSTESİ | 6491 s.K. Md.12/5 İtfa Payı | YMM TASDİK DOSYASI
A2: MAPEG Ruhsat | VUK Md.316 Oran Onayı | Üretim Verileri | Devlet Hissesi | Muhasebe Ayrımı
A4: KATEGORİ 1 — ZORUNLU BELGELER
B5: No | C5: Belge | D5: Açıklama | E5: Temin Kaynağı
B6: B1 | C6: ★ MAPEG İşletme Ruhsatı (Her Saha İçin) | D6: Her petrollü arazi için Maden ve Petrol İşleri Genel Müdürlüğü'nden (MAPEG) alınan işletme ruhsatı. Ruhsat numarası, saha koordinatları, süresi ve kapsamı. Zorunlu — ruhsatsız saha için itfa hesabı yapılamaz. | E6: MAPEG | F6: Eksik ✗
B7: B2 | C7: ★ VUK Md.316 Kapsamı İtfa Oranı Belgesi (Enerji Bak. + HMB Müşterek) | D7: Her saha için Enerji ve Tabii Kaynaklar Bakanlığı ile Hazine ve Maliye Bakanlığı tarafından müştereken tespit edilen amortisman oranını gösteren belge/yazı. Bu belge olmadan hesaplanan oran geçersizdir. Zorunlu. | E7: MAPEG + HMB | F7: Eksik ✗
B8: B3 | C8: ★ Saha Bazında Yatırım Maliyeti Döküm Tablosu | D8: Arama, sondaj, geliştirme ve üretim tesis maliyetleri dahil her saha için kümülatif yatırım maliyetinin muhasebe kayıtlarıyla desteklenmiş dökümü. Zorunlu. | E8: Muhasebe / MAPEG | F8: Eksik ✗
B9: B4 | C9: ★ Petrol Üretim Verileri (Saha Bazlı — MAPEG Tasdikli) | D9: Her saha için cari dönem üretim miktarı (varil/m³). Birim üretim yönteminde zorunlu, oran yönteminde destekleyici. MAPEG tasdikli üretim raporu. | E9: MAPEG / Şirket | F9: Eksik ✗
B10: B5 | C10: ★ Cari Dönem Petrol Satış Geliri ve Fatura Dökümü | D10: Ham petrol ve doğal gaz satışlarına ait fatura ve sözleşmeler. Devlet hissesi düşülmeden önceki brüt gelir ve Devlet hissesi ayrımı. Zorunlu. | E10: Muhasebe / Fatura | F10: Eksik ✗
B11: B6 | C11: ★ Devlet Hissesi Beyan ve Ödeme Belgesi | D11: 6491 s.K. Md.12/6-7 kapsamında MAPEG'e beyan edilen ve vergi dairesine ödenen Devlet hissesinin beyanname ve dekontu. Zorunlu. | E11: MAPEG Beyanı / Banka | F11: Eksik ✗
B12: B7 | C12: Petrol İşlemleri Ayrı Muhasebe Dökümü | D12: 6491 s.K. Md.12/3 gereği petrol işlemlerinin diğer faaliyetlerden ayrı izlendiğini gösteren mizan/hesap dökümü. Farklı aktivite muhasebesi (ayrı muhasebe kodu/defteri). | E12: Muhasebe | F12: Eksik ✗
B13: B8 | C13: Önceki Yıllar KV Beyannameleri — İtfa Payı Kümülatif Takip | D13: Önceki dönemlerden kullanılan itfa payı tutarlarını gösteren beyanname kayıtları. Kümülatif itfa toplamının Toplam Yatırım Maliyetini aşmadığının doğrulanması. | E13: GİB e-Beyanname Arşivi | F13: Eksik ✗
B14: B9 | C14: Dar Mükellefiyet: Sermaye Tescil Belgesi ve Kur Takip Tablosu | D14: Yabancı sermayenin MAPEG'e tescil belgesi ve dönem sonu TCMB kur tablosu. Cari kur karşılığı TL hesaplaması ve kümülatif transfer tablosu. | E14: MAPEG / TCMB / Banka | F14: Eksik ✗
B15: B10 | C15: KV Beyannamesi İlgili Satır + YMM Hesaplama Notu | D15: Beyanname '6491 s.K. Md.12/5 İtfa Payı Olarak Addolunan Gelirler' satırı. VERİ GİRİŞİ D.5 ile mutabakat ve YMM hesaplama notu. | E15: GİB e-Beyanname + YMM | F15: Eksik ✗
A17: 6491 SAYILI TPK Md.12/5 KAPANIŞ: Petrol hakkı sahibinin yatırım maliyetine tekabül eden üretim gelirleri itfa payıdır. İtfa payı = MIN(VUK Md.316 Hesaplanan, Net Petrol Geliri). MAPEG + HMB müşterek oran onayı zorunludur. Saha bazlı hesap. Devir yasağı: Kullanılmayan kısım ileriki döneme taşınamaz (GİB Özelge). YİAKV → GİB Reh. No:607. YMM: SM-SMMM-YMM Kanunu Md.12.
