Workbook

Sheet VERİ GİRİŞİ
A1: HESAPLANAN VERGİ İNDİRİMİ | GVK Mük. Md.121 — Vergiye Uyumlu Mükelleflere %5 İndirim | KV Beyanname | YMM TASDİK
A2: Şirket: ___________________ | VKN: _______________ | Dönem: 01.01.2026 – 31.12.2026 | Hazırlayan: _______________
A3: GVK MÜK. MD.121 — VERGİYE UYUMLU MÜKELLEFLERE VERGİ İNDİRİMİ: Ticari, zirai veya mesleki faaliyeti nedeniyle gelir vergisi mükellefi olanlar ile kurumlar vergisi mükellefleri (Finans, bankacılık, sigorta, reasürans, emeklilik şirketleri ile emeklilik yatırım fonları KAPSAM DIŞI) belirlenen şartları sağlıyorsa hesaplanan verginin %5'ini ödenmesi gereken vergiden indirebilir. ★ HESAPLAMA: Hesaplanan KV × %5 = İndirim Tutarı (Üst Sınır: ~12.400.000 TL — 2026) ★ MAHSUP SIRASI: Önce KV → Artanı beyanname tarihini izleyen 1 yıl içinde diğer vergilerden mahsup → Kalan iade EDİLMEZ. ★ ŞART İHLALİ: Sonradan tespit halinde vergi ziyaı cezasız geri alınır ancak gecikme faizi uygulanır.
A4: ★ KAPSAM DIŞI KURUMLAR: Finans ve bankacılık sektöründe faaliyet gösterenler, sigorta ve reasürans şirketleri, emeklilik şirketleri ve emeklilik yatırım fonları GVK Mük.121 indiriminden yararlanamaz. ★ 2026 ÜST SINIR: 2025 sınırı 9.900.000 TL olup %49 YD oranıyla güncellenerek 2026 için ~12.400.000 TL olması beklenmektedir (GVK Mük.121 f.4 YD hükmü). Resmi Gazete'de yayımlanacak tebliğ ile netleşecektir.
A6: A. GENEL BİLGİLER VE 2026 PARAMETRELERİ
A7: Kurumun Unvanı | G7: Tam ticaret unvanı
A8: VKN | G8: 10 haneli VKN
A9: Hesap Dönemi | G9: 01.01.2026 – 31.12.2026
A10: Sektör / Kapsam Kontrolü | C10: Finans/Bankacılık/Sigorta/Emeklilik → Kapsam Dışı | G10: Finans/Banka/Sigorta/Emeklilik → KAPSAM DIŞI
A11: İndirim Oranı (%5) | C11: 124.000 | G11: GVK Mük.121 — Sabit oran
A12: ★ 2026 İndirim Üst Sınırı (~TL) | C12: 12.400.000 | G12: GVK Mük.121 f.4 — YD oranı ile güncellenir — Resmi Gazete teyidi zorunlu (Beklenen: ~12.400.000 TL)
A13: Tarhiyat Sınırı (%1 = ~124.000 TL) | C13: 124.000 | G13: Üst sınırın %1'i — Bu tutarı aşmayan kesinleşmiş tarhiyat şartı ihlal saymaz
A14: Vadesi Geçmiş Borç Sınırı | C14: 1.000 | G14: 1.000 TL — Bu tutarı aşan vergi borcu şartı ihlal eder
A15: Dosya Referansı | G15: YMM-2026/VUM-01
A18: B. GVK MÜK. MD.121 UYGUNLUK ŞARTLARI KONTROL MATRİSİ — 5 ŞART
A19: Tüm 5 şartın EKSİKSİZ karşılanması gerekir. Tek şartın ihlali → İndirim HakkI KAYBEDİLİR (cari yıl + 2 yıl yasak). ★ Şartlar beyanname VERİLDİĞİ TARİH itibarıyla değerlendirilir.
B20: Şart | C20: Kapsadığı Dönem | E20: Durum | G20: Kontrol Sonucu | H20: Açıklama
A21: Ş1 | B21: ★ Son 3 Yıl Beyanname Kanuni Süresinde Verilmesi (2024, 2025, 2026 KV + Diğer Tüm Beyannameler) | C21: 2024–2026 hesap dönemleri | E21: EVET — Şart Karşılandı | G21: =IF(E21="EVET — Şart Karşılandı","✓ OK",IF(E21="HAYIR — Şart İhlal Edildi","✗ İHLAL","?")) -> ✓ OK | H21: Düzeltme/pişmanlık beyannamesi şartı ihlal saymaz. GVK Mük.121/1
A22: Ş2 | B22: ★ Son 3 Yıl Tahakkuk Eden Vergilerin Süresinde Ödenmesi (Beyanname tarihi itibarıyla — 1.000 TL vadesi geçmiş borç sınırı) | C22: 2024–2026 + Beyanname tarihi | E22: EVET — Şart Karşılandı | G22: =IF(E22="EVET — Şart Karşılandı","✓ OK",IF(E22="HAYIR — Şart İhlal Edildi","✗ İHLAL","?")) -> ✓ OK | H22: İade alacağından mahsuben ödeme kabul. 1.000 TL borç sınırı. GVK Mük.121/2
A23: Ş3 | B23: ★ Son 3 Yıl Kesinleşmiş Tarhiyat Bulunmaması (Veya Tarhiyat Toplamı Üst Sınırın %1'ini ≤ ~124.000 TL Aşmaması) | C23: 2024–2026 hesap dönemleri | E23: EVET — Şart Karşılandı | G23: =IF(E23="EVET — Şart Karşılandı","✓ OK",IF(E23="HAYIR — Şart İhlal Edildi","✗ İHLAL","?")) -> ✓ OK | H23: Kesinleşme şartı: Uzlaşma + yargı kararı + idari kesinleşme. GVK Mük.121/2
A24: Ş4 | B24: ★ Son 5 Yıl VUK Md.359 Kaçakçılık Fiili Tespitinin Bulunmaması (Sahte/yanıltıcı belge, defter tahrifi, muhasebe hileleri vb.) | C24: Son 5 takvim yılı | E24: EVET — Şart Karşılandı | G24: =IF(E24="EVET — Şart Karşılandı","✓ OK",IF(E24="HAYIR — Şart İhlal Edildi","✗ İHLAL","?")) -> ✓ OK | H24: VUK Md.359 kapsamı: Sahte belge, defter tahrifi, muhasebe hileleri. GVK Mük.121/2
A25: Ş5 | B25: Finans/Bankacılık/Sigorta/Emeklilik Sektörü Dışında Faaliyet (Kapsam Dışı Sektörlerde Faaliyet → İndirim Hakkı Yok) | C25: Cari dönem | E25: EVET — Şart Karşılandı | G25: =IF(E25="EVET — Şart Karşılandı","✓ OK",IF(E25="HAYIR — Şart İhlal Edildi","✗ İHLAL","?")) -> ✓ OK | H25: GVK Mük.121/1: Finans, bankacılık, sigorta, reasürans, emeklilik kapsam dışı
A26: ★ GENEL UYGUNLUK SONUCU | D26: =IF(AND(E21="EVET — Şart Karşılandı",E22="EVET — Şart Karşılandı",E23="EVET — Şart Karşılandı",E24="EVET — Şart Karşılandı",E25="EVET — Şart Karşılandı"),"✓ UYGUN — %5 İndirim Hesaplanabilir","✗ UYGUN DEĞİL — En Az 1 Şart İhlal Edildi") -> ✓ UYGUN — %5 İndirim Hesaplanabilir
A28: C. VERGİ İNDİRİMİ TUTARI HESABI
B29: Hesap Kalemi | D29: Tutar (TL) | F29: Açıklama | H29: Kaynak
A30: C.1 Hesaplanan Kurumlar Vergisi (KV Beyanname) | D30: KV Matrahı × KV Oranı — beyanname 'Hesaplanan KV' satırı | F30: KV Beyanname
A31: C.2 İndirim Oranı | C31: %5 | D31: GVK Mük.121 — Sabit %5 | F31: GVK Mük.121/1
A32: C.3 Ham İndirim Tutarı (C.1 × %5) | C32: =C30*0.05 -> 0 | D32: Hesaplanan KV × %5 — Üst sınır ve uygunluk kontrolü yapılmadan önce | F32: Formül
A33: C.4 ★ 2026 İndirim Üst Sınırı (~12.400.000 TL) | C33: =C12 -> 12.400.000 | D33: GVK Mük.121 f.4: YD oranıyla güncellenen azami tutar. Resmi Gazete teyidi zorunlu. | F33: GVK Mük.121 f.4
A34: C.5 ★ HESAPLANAN VERGİ İNDİRİMİ TUTARI = MIN(C.3, C.4) | C34: =IF(AND(D26<>"UYGUN DEĞİL — En Az 1 Şart İhlal Edildi"),MIN(C32,C33),0) -> 0 | D34: → Beyanname: Hesaplanan Vergi İndirimi Tutarı (Hes. KV × %5) | F34: GVK Mük.121
A35: C.6 Ödenmesi Gereken KV (İndirim Öncesi) | D35: Beyanname 'Ödenmesi Gereken KV' — İndirim uygulanmadan önceki tutar | F35: KV Beyanname
A36: C.7 ★ İNDİRİMDEN SONRA ÖDENECEK KV | C36: =MAX(0,C35-C34) -> 0 | F36: Formül
A37: C.8 Devreden İndirim (Diğer Vergilere Mahsup) | C37: =MAX(0,C34-C35) -> 0 | D37: Vergi İndirimi > Ödenmesi Gereken KV → Kalan 1 yıl diğer vergilerden mahsup | F37: GVK Mük.121/3
A39: D.1 BEYANNAME SATIRI → Hesaplanan Vergi İndirimi Tutarı (Hesaplanan KV × %5) | F39: =C34 -> 0 | G39: MIN(Hes.KV × %5, ~12.400.000 TL Üst Sınır) | Tüm 5 şart sağlandıysa
A40: D.2 Devreden İndirim Tutarı (1 Yıl Süre ile Diğer Vergilerden Mahsup) | F40: =C37 -> 0 | G40: GVK Mük.121/3 — 1 yıl geçmesi → İade YOK
A41: ★ KRİTİK: (1) 5 ŞARTIN TAMAMININ SAĞLANMASI — tek ihlal tüm indirimi kaybettirir. (2) ÜST SINIR — 2026 resmi tebliğ ile netleştirilmeli (~12.400.000 TL). (3) MAHSUP SÜRESİ — Kalan indirim 1 yıl içinde mahsup, ardından iade YOK. (4) ŞART İHLAL TESPİTİ — Cezasız tarhiyat + gecikme faizi uygulanır. (5) 3 YIL KAPSAM DIŞI — Şartı ihlal eden mükellef 3 yıl indirimden yararlanamaz.

Sheet HESAPLAMALAR
A1: HESAPLAMALAR | 3 Yıl Beyanname & Ödeme Takibi | Tarhiyat Tablosu | Mahsup Planı
A2: GVK Mük.Md.121 | Son 3 Yıl Şart Kontrolü | Üst Sınır | Mahsup Sırası | Süre Takibi
A4: A. HESAPLAMA ÖZETİ
B5: Parametre | D5: Değer | F5: Açıklama | H5: Kaynak
A6: Hesaplanan KV | D6: ='VERİ GİRİŞİ'!C30 -> 0 | F6: Beyanname hesaplanan KV | H6: KV Beyanname
A7: × %5 İndirim Oranı | D7: =D6*0.05 -> 0 | F7: Ham indirim tutarı | H7: GVK Mük.121
A8: 2026 Üst Sınır (Parametre) | D8: ='VERİ GİRİŞİ'!C12 -> 12.400.000 | F8: ~12.400.000 TL (Beklenen) | H8: GVK Mük.121 f.4
A9: ★ HESAPLANAN VERGİ İNDİRİMİ | D9: ='VERİ GİRİŞİ'!C34 -> 0 | F9: MIN(Ham, Üst Sınır) + Uygunluk | H9: GVK Mük.121
A10: Ödenmesi Gereken KV | D10: ='VERİ GİRİŞİ'!C35 -> 0 | F10: Beyanname ödenmesi gereken KV | H10: KV Beyanname
A11: İndirimden Sonra Ödenecek KV | D11: ='VERİ GİRİŞİ'!C36 -> 0 | F11: MAX(0, Ödenmesi Gereken − İndirim) | H11: GVK Mük.121
A12: Devreden İndirim (Mahsup) | D12: ='VERİ GİRİŞİ'!C37 -> 0 | F12: 1 yıl içinde diğer vergilerden mahsup | H12: GVK Mük.121/3
A13: Genel Uygunluk Sonucu | D13: ='VERİ GİRİŞİ'!D26 -> ✓ UYGUN — %5 İndirim Hesaplanabilir | F13: 5 şart kontrolü | H13: GVK Mük.121/2
A15: B. SON 3 YIL BEYANNAME KANUNİ SÜRE KONTROL TABLOSU (Ş1)
A16: Son 3 yıl (2024, 2025, 2026) tüm beyanname türleri kontrol edilir. Düzeltme veya pişmanlık beyannamesi → Şartı ihlal saymaz. Ancak geç verilen ilk beyanname → Şartı ihlal eder.
B17: Beyanname Türü | C17: 2024 Dönemi | E17: 2025 Dönemi | G17: 2026 Dönemi | H17: Sonuç
A18: 1 | B18: KV Yıllık Beyanname | C18: Süresinde ✓ | E18: Süresinde ✓ | G18: Süresinde ✓ | H18: =IF(AND(C18<>"Süresinde Değil ✗",E18<>"Süresinde Değil ✗",G18<>"Süresinde Değil ✗"),"✓ Tümü OK","✗ İhlal Var") -> ✓ Tümü OK
A19: 2 | B19: Muhtasar ve Prim Hizmet Beyannamesi | C19: Süresinde ✓ | E19: Süresinde ✓ | G19: Süresinde ✓ | H19: =IF(AND(C19<>"Süresinde Değil ✗",E19<>"Süresinde Değil ✗",G19<>"Süresinde Değil ✗"),"✓ Tümü OK","✗ İhlal Var") -> ✓ Tümü OK
A20: 3 | B20: KDV Beyannameleri (Tüm Dönemler) | C20: Süresinde ✓ | E20: Süresinde ✓ | G20: Süresinde ✓ | H20: =IF(AND(C20<>"Süresinde Değil ✗",E20<>"Süresinde Değil ✗",G20<>"Süresinde Değil ✗"),"✓ Tümü OK","✗ İhlal Var") -> ✓ Tümü OK
A21: 4 | B21: Damga Vergisi Beyannamesi | C21: Süresinde ✓ | E21: Süresinde ✓ | G21: Süresinde ✓ | H21: =IF(AND(C21<>"Süresinde Değil ✗",E21<>"Süresinde Değil ✗",G21<>"Süresinde Değil ✗"),"✓ Tümü OK","✗ İhlal Var") -> ✓ Tümü OK
A22: 5 | B22: Geçici Vergi Beyannameleri | C22: Süresinde ✓ | E22: Süresinde ✓ | G22: Süresinde ✓ | H22: =IF(AND(C22<>"Süresinde Değil ✗",E22<>"Süresinde Değil ✗",G22<>"Süresinde Değil ✗"),"✓ Tümü OK","✗ İhlal Var") -> ✓ Tümü OK
A23: 6 | B23: Diğer Beyannameler (Varsa) | C23: Süresinde ✓ | E23: Süresinde ✓ | G23: Süresinde ✓ | H23: =IF(AND(C23<>"Süresinde Değil ✗",E23<>"Süresinde Değil ✗",G23<>"Süresinde Değil ✗"),"✓ Tümü OK","✗ İhlal Var") -> ✓ Tümü OK
A25: C. SON 3 YIL KESİNLEŞMİŞ TARHİYAT TABLOSU (Ş3)
A26: Tarhiyatın kesinleşme şekilleri: Uzlaşma, yargı kararı, idari kesinleşme. Tarhiyat toplamı ≤ Üst Sınırın %1'i (~124.000 TL) ise şartı ihlal saymaz. ★ Gecikme faizi ve vergi cezası dahil toplam bakiyeye bakılır.
B27: Tarhiyat Konusu | C27: Kesinleşme Tarihi | D27: Vergi Türü | E27: Tarhiyat Tutarı (TL) | F27: Kesinleşme Şekli | G27: Üst Sınır %1 İçinde? | H27: Şart Durumu
A28: 1 | F28: Yok | G28: =IF(E28="","—",IF(E28<='VERİ GİRİŞİ'!C13,"✓ Sınır İçinde","✗ Sınır Aşıldı")) -> — | H28: =IF(E28="","Tarhiyat Yok ✓",IF(E28<='VERİ GİRİŞİ'!C13,"✓ OK","✗ İHLAL")) -> Tarhiyat Yok ✓
A29: 2 | F29: Yok | G29: =IF(E29="","—",IF(E29<='VERİ GİRİŞİ'!C13,"✓ Sınır İçinde","✗ Sınır Aşıldı")) -> — | H29: =IF(E29="","Tarhiyat Yok ✓",IF(E29<='VERİ GİRİŞİ'!C13,"✓ OK","✗ İHLAL")) -> Tarhiyat Yok ✓
A30: 3 | F30: Yok | G30: =IF(E30="","—",IF(E30<='VERİ GİRİŞİ'!C13,"✓ Sınır İçinde","✗ Sınır Aşıldı")) -> — | H30: =IF(E30="","Tarhiyat Yok ✓",IF(E30<='VERİ GİRİŞİ'!C13,"✓ OK","✗ İHLAL")) -> Tarhiyat Yok ✓
A31: 4 | F31: Yok | G31: =IF(E31="","—",IF(E31<='VERİ GİRİŞİ'!C13,"✓ Sınır İçinde","✗ Sınır Aşıldı")) -> — | H31: =IF(E31="","Tarhiyat Yok ✓",IF(E31<='VERİ GİRİŞİ'!C13,"✓ OK","✗ İHLAL")) -> Tarhiyat Yok ✓
A32: 5 | F32: Yok | G32: =IF(E32="","—",IF(E32<='VERİ GİRİŞİ'!C13,"✓ Sınır İçinde","✗ Sınır Aşıldı")) -> — | H32: =IF(E32="","Tarhiyat Yok ✓",IF(E32<='VERİ GİRİŞİ'!C13,"✓ OK","✗ İHLAL")) -> Tarhiyat Yok ✓
A33: TOPLAM TARHİYAT | E33: =SUM(E28:E32) -> 0
A35: D. VERGİ İNDİRİMİ MAHSUP SIRASI VE SÜRE PLANI
B36: Mahsup Aşaması | D36: Tutar (TL) | F36: Süre/Kural | H36: Kaynak
A37: 1. Aşama: Ödenmesi Gereken KV'den Mahsup (Önce) | D37: ='VERİ GİRİŞİ'!C34 -> 0 | F37: Beyanname 'Hesaplanan Vergi İndirimi Tutarı' satırı | H37: GVK Mük.121/1
A38: 2. Aşama: Kalan → Diğer Vergilerden Mahsup | D38: ='VERİ GİRİŞİ'!C37 -> 0 | F38: Beyanname verilme tarihini izleyen 1 tam yıl içinde | H38: GVK Mük.121/3
A39: 3. Aşama: Süre Geçen Kalan → İADE YOKTUR | D39: — | F39: 1 yıl dolunca kalan tutar iade EDİLEMEZ — talep de kabul görmez | H39: GVK Mük.121/3

Sheet MUHASEBE KAYITLARI
A1: MUHASEBE KAYITLARI | 370/371/193/136 Hesaplar | Vergi İndirimi & Mahsup
A2: GVK Mük.121 | KV Tahakkuk | İndirim Kayıtları | Diğer Vergilerden Mahsup
A4: ÖNEMLİ NOT: Vergi indirimi (GVK Mük.121) muhasebe kaydı KV tahakkuk kaydı ile birlikte yapılır. İndirim beyanname üzerinde uygulanır — ayrı bir muhasebe yevmiyesi gerekmez. Ancak devreden indirim tutarı için alacak takibi 136 hesap üzerinden yapılabilir.
A5: KAYIT 1 — DÖNEM SONU KV TAHAKKUKU — VERGİ İNDİRİMİ SONRASI
B6: Hesap | C6: Hesap Adı | D6: Açıklama | E6: Borç | F6: Alacak | G6: Belge
A7: Dr | B7: 370 | C7: Dönem Karı Vergi ve Diğer Yük. | D7: KV tahakkuku (indirim uygulandıktan sonra) — [Ödenecek KV] + [Devreden İndirim] | E7: [Toplam] | F7: — | G7: GVK Mük.121
A8: Kr | B8: 371 | C8: Dönem Karı Vergi Yük. Karşılığı | D8: Ödenmesi gereken KV (indirim sonrası) | E8: — | F8: [Ödenecek] | G8: Tahakkuk
A9: KAYIT 2 — KV ÖDEMESİ
B10: Hesap | C10: Hesap Adı | D10: Açıklama | E10: Borç | F10: Alacak | G10: Belge
A11: Dr | B11: 371 | C11: Dönem Karı Vergi Yük. Karşılığı | D11: Beyanname üzerinden ödenmesi gereken KV | E11: [Ödenecek] | F11: — | G11: Dekont
A12: KAYIT 3 — DEVREDEN İNDİRİMİN DİĞER VERGİDEN MAHSUBU (1 Yıl İçinde)
B13: Hesap | C13: Hesap Adı | D13: Açıklama | E13: Borç | F13: Alacak | G13: Belge
A14: Dr | B14: 360 | C14: Ödenecek Vergi ve Fonlar | D14: Mahsup edilen diğer vergi borcu (örn: KDV, stopaj) | E14: [Mahsup] | F14: — | G14: Beyan
A15: KAYIT 4 — ŞART İHLAL TESPİTİ — GERİ ALMA (Cezasız, Faizli)
B16: Hesap | C16: Hesap Adı | D16: Açıklama | E16: Borç | F16: Alacak | G16: Belge
A17: Dr | B17: 689 | C17: Diğer Olağandışı Gider (Gecikme Faizi) | D17: GVK Mük.121 şartının sonradan ihlali → Cezasız tarhiyat + gecikme faizi | E17: [Faiz] | F17: — | G17: VUK
A18: Dr | B18: 370 | C18: Dönem Karı Vergi | D18: İndirim dönemi için ek tahakkuk | E18: [İndirim] | F18: — | G18: GVK Mük.121
A19: Kr | B19: 360 | C19: Ödenecek Vergi | D19: Geri alınan KV borcu | E19: — | F19: [Toplam] | G19: Tarhiyat

Sheet DENETÇİ NOTLARI
A1: DENETÇİ NOTLARI | Risk Haritası & Check-list | GVK Mük.Md.121 | YMM TASDİK
A2: 5 Şart Kontrolü | Kapsam Dışı | Tarhiyat Sınırı | Mahsup Süresi | Şart İhlali Sonuçları
A4: A. RİSK HARİTASI
B5: Kod | C5: Risk Konusu | D5: Risk Açıklaması | E5: Risk Seviyesi
A6: ► | B6: R1 | C6: Kapsam Dışı Sektör Tespiti | D6: Finans, bankacılık, sigorta, reasürans, emeklilik şirketi veya emeklilik yatırım fonu ise indirimden yararlanamaz. 'Bankacılık benzeri' faaliyetlerin kapsama girip girmediği özelge ile teyit edilmeli. Kapsam dışı olmasına rağmen indirim uygulamak → ÇOK YÜKSEK risk. | E6: ÇOK YÜKSEK
A7: ► | B7: R2 | C7: Geç Verilen Beyanname (Ş1 İhlali) | D7: Son 3 yılda (2024, 2025, 2026) tüm beyanname türleri kontrol edilir. Tek bir beyannamenin geç verilmesi tüm indirimi kaybettirir. Düzeltme/pişmanlık beyannameleri bu şartı ihlal saymaz. | E7: ÇOK YÜKSEK
A8: ► | B8: R3 | C8: Vadesi Geçmiş 1.000 TL+ Vergi Borcu (Ş2 İhlali) | D8: Beyanname verildiği tarih itibarıyla 1.000 TL'yi aşan vadesi geçmiş vergi borcu indirimi engeller. İndirimden sonra borcun tespit edilmesi → Cezasız tarhiyat + faiz. Mahsuben ödeme yolunun açık olup olmadığı kontrol edilmeli. | E8: YÜKSEK
A9: ► | B9: R4 | C9: Kesinleşmiş Tarhiyat Sınırı Aşımı (Ş3 İhlali) | D9: Son 3 yılda kesinleşmiş tarhiyat toplamı üst sınırın %1'ini (~124.000 TL) aşıyorsa Ş3 ihlal edilmiş sayılır. Kesinleşme şekli önemli: Uzlaşma, yargı kararı, idari kesinleşme. İtiraz veya dava aşamasındaki tarhiyat henüz kesinleşmemiştir. | E9: YÜKSEK
A10: ► | B10: R5 | C10: VUK Md.359 Kaçakçılık Fiili (Ş4 İhlali) | D10: Son 5 yılda sahte/yanıltıcı belge düzenleme veya kullanma, defter tahrifi, muhasebe hileleri gibi VUK Md.359 kapsamı fiillerin tespiti indirimi engeller. İnceleme devam ediyorsa henüz kesinleşmemiş olabilir — YMM değerlendirmesi gerekli. | E10: ÇOK YÜKSEK
A11: ► | B11: R6 | C11: Üst Sınır Güncelleme Takibi | D11: 2026 yılı için geçerli üst sınır (~12.400.000 TL) Resmi Gazete'de yayımlanacak tebliğle netleşecektir. Resmi teyit yapılmadan eski sınır kullanılması → Eksik/fazla indirim. Her yıl beyanname döneminde güncel sınır kontrol edilmelidir. | E11: YÜKSEK
A12: ► | B12: R7 | C12: Mahsup Süresi Kaçırma | D12: Devreden indirim tutarı beyanname tarihini izleyen 1 tam yıl içinde diğer vergilerden mahsup edilmezse kalıcı olarak kaybolur. İade hakkı bulunmamaktadır. Takvim takibi zorunludur. | E12: ORTA
A13: ► | B13: R8 | C13: Şart İhlalinin Sonradan Tespiti | D13: İndirimden yararlanıldıktan sonra şartı sağlamadığı tespit edilen mükelleften vergi ziyaı cezası uygulanmaksızın geri alınır ancak gecikme faizi uygulanır. Aynı zamanda sonraki 3 yıl da indirimden yararlanamaz. | E13: YÜKSEK
A15: B. YMM DENETİM CHECK-LIST
B16: Adım | C16: Kontrol / Prosedür | D16: Dayanak | E16: Durum
A17: ✦ | B17: C1 | C17: Sektör kontrolü — kapsam içi mi? (Finans/sigorta/emeklilik?) | D17: GVK Mük.121/1 | E17: Yapılmadı ✗
A18: ✦ | B18: C2 | C18: Son 3 yıl (2024-2026) tüm beyannamelerin kanuni süre kontrolü yapıldı mı? | D18: GVK Mük.121/2-1 | E18: Yapılmadı ✗
A19: ✦ | B19: C3 | C19: Beyanname verildiği tarih itibarıyla 1.000 TL+ vadesi geçmiş borç sorgusu yapıldı mı? | D19: GVK Mük.121/2-2 | E19: Yapılmadı ✗
A20: ✦ | B20: C4 | C20: Son 3 yıl kesinleşmiş tarhiyat araştırması yapıldı mı? | D20: GVK Mük.121/2-2 | E20: Yapılmadı ✗
A21: ✦ | B21: C5 | C21: Tarhiyat toplamının üst sınır %1'ini (~124.000 TL) aşmadığı teyit edildi mi? | D21: GVK Mük.121/2-2 | E21: Yapılmadı ✗
A22: ✦ | B22: C6 | C22: Son 5 yıl VUK Md.359 kapsamı fiil araştırması yapıldı mı? | D22: GVK Mük.121/2-3 | E22: Yapılmadı ✗
A23: ✦ | B23: C7 | C23: ★ 2026 güncel üst sınır (~12.400.000 TL) Resmi Gazete'den teyit edildi mi? | D23: GVK Mük.121 f.4 | E23: Yapılmadı ✗
A24: ✦ | B24: C8 | C24: İndirim hesabı: MIN(Hes.KV × %5, Üst Sınır) formülü doğru uygulandı mı? | D24: GVK Mük.121/1 | E24: Yapılmadı ✗
A25: ✦ | B25: C9 | C25: Ödenmesi gereken KV'den indirim mahsubu yapıldı mı? | D25: GVK Mük.121/1 | E25: Yapılmadı ✗
A26: ✦ | B26: C10 | C26: Kalan devreden indirim tutarı 136 hesapta takibe alındı mı? | D26: GVK Mük.121/3 | E26: Yapılmadı ✗
A27: ✦ | B27: C11 | C27: Mahsup süresi (1 yıl) için takvim hatırlatma oluşturuldu mu? | D27: GVK Mük.121/3 | E27: Yapılmadı ✗
A28: ✦ | B28: C12 | C28: ★ Beyanname 'Hesaplanan Vergi İndirimi Tutarı' satırı D34 ile mutabık mı? | D28: GVK Mük.121 | E28: Yapılmadı ✗
A29: ✦ | B29: C13 | C29: YMM Tasdik Raporu (≥500.000 TL) değerlendirildi mi? | D29: 49 No.lu Tebliğ | E29: Yapılmadı ✗
A31: YMM TASDİK DİL STANDARDI: '...GVK Mükerrer Madde 121 kapsamında hesaplanan vergi indiriminden yararlanılabilmesi için aranan şartlar incelenmiş; 2024, 2025 ve 2026 hesap dönemlerine ait tüm beyannamelerin kanuni süresinde verildiği, tahakkuk eden vergilerin ödendiği, vadesi geçmiş 1.000 TL üzerinde vergi borcunun bulunmadığı, indirim sınırının %1'ini aşan kesinleşmiş tarhiyat bulunmadığı ve son 5 yılda VUK Madde 359 kapsamında fiil tespitinin gerçekleşmediği tespit edilmiştir. Bu çerçevede [Hesaplanan KV × %5 =] [İndirim Tutarı] TL vergi indirimi hesaplanmış, ödenmesi gereken [Ödenmesi Gereken KV] TL'den mahsup edilmiştir.'

Sheet BELGE LİSTESİ
A1: BELGE LİSTESİ | GVK Mük.Md.121 %5 Vergi İndirimi | YMM TASDİK DOSYASI
A2: Beyanname Zamanında Verilme | Vergi Borcu Yokluğu | Tarhiyat | VUK 359 | Üst Sınır Tebliği
A4: KATEGORİ 1 — ZORUNLU BELGELER
B5: No | C5: Belge | D5: Açıklama | E5: Temin Kaynağı
B6: B1 | C6: ★ GİB e-Beyanname Sistemi — Son 3 Yıl Tüm Beyanname Veriş Tarihleri | D6: 2024, 2025, 2026 yıllarına ait tüm beyanname türleri (KV, Muhtasar, KDV, GV vb.) için GİB'den alınan zaman damgalı veriş tarihi dökümü. Kanuni süre kontrolü için zorunludur. | E6: GİB e-Beyanname Portalı | F6: Eksik ✗
B7: B2 | C7: ★ GİB Borcu Yoktur Yazısı / Vergi Borç Sorgulama Belgesi | D7: Beyanname verildiği tarih itibarıyla vadesi geçmiş 1.000 TL üzerinde vergi borcu bulunmadığını gösteren GİB'den alınan güncel belge veya İnteraktif Vergi Dairesi ekran görüntüsü. | E7: GİB / İnteraktif VD | F7: Eksik ✗
B8: B3 | C8: ★ Son 3 Yıl Vergi Tahakkuk ve Ödeme Dökümü | D8: Tüm vergi türleri için son 3 yıl (2024-2026) tahakkuk ve ödeme durumunu gösteren GİB'den alınan döküm. Gecikmiş ödeme bulunmadığının teyidi için. | E8: GİB / Vergi Dairesi | F8: Eksik ✗
B9: B4 | C9: ★ Kesinleşmiş Tarhiyat Sorgulama Belgesi (Son 3 Yıl) | D9: Son 3 yılda (2024-2026) kesinleşmiş ikmalen, re'sen veya idarece yapılmış tarhiyat bulunmadığını veya sınırı (%1 = ~124.000 TL) aşmadığını gösteren vergi dairesi yazısı veya YMM tespit notu. | E9: Vergi Dairesi / YMM | F9: Eksik ✗
B10: B5 | C10: Son 5 Yıl VUK Md.359 Fiil Sorgulama (Sahte/Yanıltıcı Belge vb.) | D10: Son 5 yılda VUK Madde 359 kapsamında kaçakçılık fiili tespiti bulunmadığını gösteren vergi dairesi yazısı veya inceleme sonuç belgesi. | E10: Vergi Dairesi / İnceleme Birimi | F10: Eksik ✗
B11: B6 | C11: ★ 2026 Yılı Vergi İndirimi Üst Sınır Tebliği (Resmi Gazete) | D11: GVK Mük.121 f.4 kapsamında 1.1.2026 tarihinden itibaren geçerli üst sınır tutarını belirleyen Resmi Gazete'de yayımlanmış tebliğ. Beklenen: ~12.400.000 TL — Resmi teyit zorunludur. | E11: Resmi Gazete / GİB | F11: Eksik ✗
B12: B7 | C12: KV Beyannamesi — Hesaplanan KV ve İndirim Satırı | D12: Beyanname 'Hesaplanan KV' ve 'Hesaplanan Vergi İndirimi Tutarı' satırları. Bu çalışma kâğıdı D34 değeri ile beyanname değerinin mutabakatı. | E12: GİB e-Beyanname | F12: Eksik ✗
B13: B8 | C13: Devreden İndirim Mahsup Takip Belgesi (Varsa) | D13: Devreden indirim tutarı varsa; 1 yıl içinde hangi vergilerden mahsup edileceğinin planlandığı ve mahsup yapıldıktan sonra mahsup belgesi. | E13: Muhasebe / Beyanname | F13: Eksik ✗
A15: GVK MÜK. MD.121 KAPANIŞ: 5 şartın tamamı sağlanmalı. İndirim = MIN(Hesaplanan KV × %5, ~12.400.000 TL Üst Sınır). Mahsup: Önce KV, artanı 1 yıl diğer vergilerden mahsup — süre geçen iade YOK. Şart ihlali sonradan tespit: Cezasız tarhiyat + gecikme faizi + 3 yıl yasak. Kapsam dışı: Finans/bankacılık/sigorta/emeklilik. YMM: SM-SMMM-YMM Kanunu Md.12.
